company_name,website,industry,summary_from_llm,automation_pitch_from_llm
DeepMind,https://www.deepmind.com,Technology,"**1. **

DeepMind, a Google company, is a leading artificial intelligence research firm focused on developing advanced AI models and tools across various modalities, including text, image, video, and audio generation.  They are pushing the boundaries of AI capabilities and integrating these advancements into both internal Google products and publicly available platforms.


**2.","**

QF Innovate can significantly enhance DeepMind's operational efficiency and accelerate AI model development through custom AI automation solutions.  Our tailored platforms can automate data processing, model training pipeline management, and performance testing, freeing up DeepMind's expert teams to focus on innovation and strategic initiatives.  This results in faster time-to-market for new AI models and substantial cost savings through streamlined workflows."
Zoho,https://duckduckgo.com/Zoho_Corporation,Technology,"1. **** Zoho Corporation is a global technology company offering a comprehensive suite of cloud-based software as a service (SaaS) applications.  These applications cater to various business needs, spanning CRM, email, office productivity, and more, often emphasizing integration and affordability.  Their focus is on providing a complete business operating system accessible from a single platform.


2. **","** QF Innovate can empower Zoho to significantly enhance its existing AI capabilities and automate complex business processes within its SaaS ecosystem. By leveraging cutting-edge AI/ML models, we can streamline workflows, improve customer interactions through intelligent chatbots and personalized recommendations, and automate repetitive tasks, boosting efficiency and user satisfaction across the Zoho platform. This will improve Zoho's market competitiveness and accelerate its growth within the rapidly evolving SaaS landscape."
Freshworks,https://www.freshworks.com,Technology,"**1. **

Freshworks provides a suite of cloud-based customer and IT service management software solutions.  Their AI-powered tools aim to simplify and streamline operations, boosting efficiency and improving customer experiences for businesses of all sizes.  They offer a range of integrated products, from customer support and sales automation to marketing automation, all built around ease of use.


**2.","**

QF Innovate can help Freshworks enhance its already robust AI capabilities by deploying custom automation solutions.  We can integrate advanced AI models to further optimize its customer service response times, automate more complex tasks within Freshdesk and Freshservice, and proactively identify and resolve potential customer issues, leading to increased customer satisfaction and operational efficiency. This will ultimately translate into higher customer retention and increased revenue for Freshworks."
Notion,https://www.notion.com,Technology,"**1. **

Notion is a productivity and collaboration platform offering an all-in-one workspace for wikis, documents, projects, and more.  It integrates with various other applications and leverages AI to streamline workflows and enhance user efficiency, catering to both individuals and large organizations.  Its significant user base and high rankings in industry reviews highlight its market success.


**2.","**

QF Innovate can drastically improve Notion's AI capabilities by automating the creation and refinement of its AI-powered features.  This includes developing custom AI models for enhanced content generation, intelligent search functionality, and automated workflow optimization, significantly increasing user engagement and productivity.  Our solutions will boost Notion's competitive advantage by offering a more sophisticated and seamless AI experience."
Airtable,https://www.airtable.com,Technology,"**1. **

Airtable is a low-code/no-code platform that allows businesses to build custom applications and automate workflows across various departments. It offers a flexible and scalable solution for managing projects, data, and processes, improving collaboration and accelerating business outcomes.  Its strength lies in connecting disparate business functions through a unified platform.


**2.","**

QF Innovate can help Airtable supercharge its AI capabilities by developing custom automation solutions that intelligently pre-populate data fields, suggest next best actions based on user behavior and context, and automatically generate insightful reports and dashboards from existing Airtable data.  This will significantly enhance the user experience, reduce manual work, and drive even greater efficiency for Airtable's clients, solidifying Airtable's position as a leader in low-code AI-powered solutions."
Asana,https://www.asana.com,Technology,"**1. **

Asana is a project management software company that provides tools for teams to manage work, projects, and tasks online.  Their platform emphasizes collaboration, goal alignment, and AI-powered automation to improve efficiency and accountability across organizations, particularly targeting large enterprises.  Asana boasts a significant market share, evidenced by its adoption by 85% of Fortune 100 companies.


**2.","**

QF Innovate can significantly enhance Asana's AI capabilities by developing custom automation solutions tailored to specific client workflows. This will allow Asana to offer more sophisticated AI-driven project planning, task assignment, and progress tracking, leading to increased user adoption and a greater competitive advantage in the increasingly AI-focused project management market.  Our expertise in AI-powered process optimization will boost Asana's value proposition and drive significant ROI for their enterprise clients."
Trello,https://www.trello.com,Technology,"**1. **

Trello is a project management software company that provides users with tools to organize tasks, collaborate on projects, and improve productivity.  Its platform offers features like Kanban boards, lists, and calendar integration, enabling individuals and teams to manage workflows efficiently from anywhere.  The company is part of Atlassian, leveraging its technology and resources.


**2.","**

QF Innovate can significantly enhance Trello's AI capabilities by developing custom automations that proactively identify and prioritize critical tasks based on project deadlines and resource availability.  This will streamline workflows, reduce human error, and improve overall project delivery times, resulting in increased user satisfaction and enhanced productivity.  Our expertise in AI-driven workflow optimization will make Trello even more powerful and efficient."
Slack,https://www.slack.com,Technology,"**1. **

Slack provides a collaborative communication and work management platform that integrates various tools and AI agents.  It aims to increase team productivity and streamline workflows by centralizing communication, project management, and automation within a single interface, benefiting businesses of all sizes.


**2.","**

QF Innovate can significantly enhance Slack's AI capabilities by developing custom AI agents tailored to specific user needs and workflows.  These agents would automate complex tasks, improve data analysis from within the Slack ecosystem, and deliver predictive insights directly within the platform, ultimately driving greater efficiency and user engagement for Slack's clients.  This would allow Slack to offer even more value-added services and expand its market share."
Lyft,https://www.lyft.com,Technology,"**1. **

Lyft is a transportation network company (TNC) providing on-demand ride-sharing services.  They connect passengers with drivers through a mobile app, offering various ride options to suit different needs and budgets, including scheduled rides and a loyalty program.  Lyft also provides a platform for independent drivers to earn income.


**2.","**

QF Innovate can significantly enhance Lyft's operational efficiency and customer experience through AI-powered automation.  Our solutions can optimize ride matching algorithms for faster dispatch times and reduced wait times, while simultaneously predicting and proactively addressing potential service disruptions.  This translates to improved driver earnings, enhanced rider satisfaction, and ultimately, increased revenue for Lyft."
